frame,video_frame,processed_frame,is_occlusion_frame,observation_mode,best_conf_per_frame,switch_conf_per_frame,switch_active_track_missing,active_detection_conf,tau_conf,consecutive_low_conf_frames,consecutive_prediction_only_frames,prediction_only_guard_passed,cooldown_guard_passed,low_conf_candidate_frame,frame_should_use_z_only,z_radar,num_detections,num_tracks,has_active_target,raw_center_x,raw_center_y,smooth_center_x,smooth_center_y,smooth_z,command_pre_hold,command,gt_present,predicted_dark,gt_box_iou,glare_success
1,1,1,0,full,0.634378,0.634378,0,0.634378,0.35,0,0,1,1,0,0,99.6938,5,5,1,941.9884,474.1605,941.9884,474.1605,98.463,BOX:3:3:3:3,BOX:3:3:3:3,1,1,1.0,1
2,2,2,0,prediction_only,0.626513,0.626513,0,0.469208,0.35,0,1,1,1,0,0,98.9781,3,5,1,943.2766,474.4466,942.5986,474.296,98.7332,BOX:3:3:3:3,BOX:3:3:3:3,1,1,1.0,1
3,3,3,0,prediction_only,0.65782,0.65782,0,0.65782,0.35,0,2,1,1,0,0,98.4878,2,5,1,943.8803,474.5902,943.0196,474.3926,98.6409,BOX:3:3:3:3,BOX:3:3:3:3,1,1,1.0,1
4,4,4,0,prediction_only,0.774432,0.774432,0,0.774432,0.35,0,3,1,1,0,0,97.8912,4,5,1,945.6094,475.0181,943.6879,474.5539,98.356,BOX:3:3:3:3,BOX:3:3:3:3,1,1,1.0,1
5,5,5,0,full,0.775398,0.775398,0,0.775398,0.35,0,0,1,1,0,0,97.217,5,5,1,945.6874,475.0123,944.141,474.658,97.8976,BOX:3:3:3:3,BOX:3:3:3:3,1,1,1.0,1
6,6,6,0,prediction_only,0.776081,0.776081,0,0.776081,0.35,0,1,1,1,0,0,96.5246,4,5,1,945.6895,475.007,944.4764,474.7339,97.3061,BOX:3:3:3:3,BOX:3:3:3:3,1,1,1.0,1
7,7,7,0,prediction_only,0.745227,0.745227,0,0.745227,0.35,0,2,1,1,0,0,96.5341,3,5,1,946.7083,474.099,944.93,474.6299,96.8936,BOX:3:3:3:3,BOX:3:3:3:3,1,1,1.0,1
8,8,8,0,prediction_only,0.658364,0.658364,0,0.658364,0.35,0,3,1,1,0,0,95.9134,2,5,1,946.6281,474.1198,945.2975,474.5455,96.3871,BOX:3:3:3:3,BOX:3:3:3:3,1,1,1.0,1
9,9,9,0,prediction_only,0.663746,0.663746,0,0.663746,0.35,0,4,1,1,0,0,95.3799,2,5,1,948.2027,474.0253,945.8853,474.4553,95.8522,BOX:3:3:3:3,BOX:3:3:3:3,1,1,1.0,1
10,10,10,0,prediction_only,,,0,,0.35,0,5,1,1,0,0,94.8774,0,5,1,,,946.031,474.4472,95.313,BOX:3:3:3:3,BOX:3:3:3:3,1,1,1.0,1
11,11,11,0,prediction_only,,,0,,0.35,0,6,1,1,0,0,94.6877,0,5,1,,,946.1767,474.4391,94.8794,BOX:3:3:3:3,BOX:3:3:3:3,1,1,1.0,1
12,12,12,0,prediction_only,,,0,,0.35,0,7,1,1,0,0,94.0617,0,5,1,,,946.3224,474.431,94.3784,BOX:3:3:3:3,BOX:3:3:3:3,1,1,1.0,1
13,13,13,0,prediction_only,0.512268,0.512268,0,0.512268,0.35,0,8,1,1,0,0,93.2038,1,5,1,811.0225,498.3302,946.4681,474.4228,93.7573,BOX:3:3:3:3,BOX:3:3:3:3,1,1,1.0,1
14,14,14,0,prediction_only,0.506451,0.506451,0,0.257662,0.35,0,9,1,1,0,0,92.9967,2,5,1,967.2871,504.1947,946.6138,474.4147,93.2538,BOX:3:3:3:3,BOX:3:3:3:3,1,1,1.0,1
15,15,15,0,prediction_only,0.646583,0.646583,0,0.646583,0.35,0,10,1,1,0,0,92.3978,2,5,1,951.0617,473.7666,948.1615,474.198,92.717,BOX:3:3:3:3,BOX:3:3:3:3,1,1,1.0,1
16,16,16,0,prediction_only,0.663235,0.663235,0,0.663235,0.35,0,11,1,1,0,0,92.1069,2,5,1,951.2631,474.59,949.1933,474.2888,92.2478,BOX:3:3:3:3,BOX:3:3:3:3,1,1,1.0,1
17,17,17,0,prediction_only,0.748951,0.748951,0,0.748951,0.35,0,12,1,1,0,0,91.3835,2,5,1,951.257,474.9364,949.9208,474.4334,91.7027,BOX:3:3:3:3,BOX:3:3:3:3,1,1,1.0,1
18,18,18,0,prediction_only,,,0,,0.35,0,13,1,1,0,0,91.0042,0,5,1,,,950.252,474.4287,91.2004,BOX:3:3:3:3,BOX:3:3:3:3,1,1,1.0,1
19,19,19,0,prediction_only,,,0,,0.35,0,14,1,1,0,0,90.3785,0,5,1,,,950.5832,474.4241,90.6607,BOX:3:3:3:3,BOX:3:3:3:3,1,1,1.0,1
20,20,20,0,prediction_only,,,0,,0.35,0,15,1,1,0,0,89.8578,0,5,1,,,950.9144,474.4195,90.1227,BOX:3:3:3:3,BOX:3:3:3:3,1,1,1.0,1
21,21,21,0,prediction_only,0.370849,0.370849,0,0.370849,0.35,0,16,1,1,0,0,89.7395,1,5,1,956.6914,484.7348,952.8327,477.4226,89.6961,BOX:3:3:3:3,BOX:3:3:3:3,1,1,1.0,1
22,22,22,0,prediction_only,0.327706,0.327706,0,0.327706,0.35,1,17,1,1,1,0,89.5078,1,5,1,955.8557,484.3748,953.899,479.2704,89.3226,BOX:3:3:3:3,BOX:3:3:3:3,1,1,1.0,1
23,23,23,0,prediction_only,0.397049,0.397049,0,0.397049,0.35,0,18,1,1,0,0,88.4765,1,5,1,954.6873,476.3847,954.429,478.8454,88.7755,BOX:3:3:3:3,BOX:3:3:3:3,1,1,1.0,1
24,24,24,0,prediction_only,0.666015,0.666015,0,0.666015,0.35,0,19,1,1,0,0,88.267,1,5,1,956.6035,479.8077,955.2279,479.2151,88.3144,BOX:3:3:3:3,BOX:3:3:3:3,1,1,1.0,1
25,25,25,1,prediction_only,0.282669,0.282669,0,0.282669,0.35,1,20,1,1,1,0,87.2984,2,6,1,965.1837,493.5713,792.5254,497.8249,87.7197,BOX:3:3:3:3,BOX:3:3:3:3,1,1,1.0,1
26,26,26,1,prediction_only,0.349085,0.349085,0,0.349085,0.35,2,21,1,1,1,1,86.7703,1,6,1,959.6856,479.7413,956.1866,479.679,87.1381,BOX:3:3:3:3,BOX:3:3:3:3,1,1,0.0,0
27,27,27,1,prediction_only,,,0,,0.35,0,22,1,1,0,0,85.9636,0,6,1,,,956.6659,479.911,86.4945,BOX:3:3:3:3,BOX:3:3:3:3,1,1,1.0,1
28,28,28,1,prediction_only,,,0,,0.35,0,23,1,1,0,0,86.0764,0,6,1,,,791.9007,497.964,86.0402,BOX:3:3:3:3,BOX:3:3:3:3,1,1,1.0,1
29,29,29,1,prediction_only,,,0,,0.35,0,24,1,1,0,0,85.2261,0,6,1,,,807.6528,498.9905,85.4851,BOX:3:3:3:3,BOX:3:3:3:3,1,1,1.0,1
30,30,30,1,prediction_only,0.602959,0.602959,0,0.369577,0.35,0,25,1,1,0,0,84.8747,2,6,1,963.346,482.5508,959.5141,481.1299,84.9793,BOX:3:3:3:3,BOX:3:3:3:3,1,1,0.0,0
31,31,31,1,prediction_only,0.644154,0.644154,0,0.368344,0.35,0,26,1,1,0,0,84.2409,3,7,1,963.4854,482.7527,960.8359,481.6962,84.4403,BOX:4:4:3:3,BOX:4:4:3:3,1,1,1.0,1
32,32,32,1,prediction_only,,,0,,0.35,0,27,1,1,0,0,83.9048,0,7,1,,,969.5223,496.2852,83.9506,BOX:4:4:3:3,BOX:4:4:3:3,1,1,1.0,1
33,33,33,1,prediction_only,0.399825,0.399825,0,0.399825,0.35,0,28,1,1,0,0,83.6593,1,7,1,963.8885,482.3398,962.3894,482.2539,83.5217,BOX:4:4:3:3,BOX:4:4:3:3,1,1,1.0,1
34,34,34,0,prediction_only,0.4168,0.4168,0,0.4168,0.35,0,29,1,1,0,0,82.721,1,7,1,794.2151,500.762,962.977,482.522,82.9667,BOX:4:4:3:3,BOX:4:4:3:3,1,1,1.0,1
35,35,35,0,prediction_only,0.423747,0.423747,0,0.423747,0.35,0,30,1,1,0,0,82.4433,1,7,1,794.2705,500.8121,963.5647,482.79,82.4788,BOX:4:4:3:3,BOX:4:4:3:3,1,1,1.0,1
36,36,36,0,prediction_only,,,0,,0.35,0,31,1,1,0,0,82.1571,0,6,1,,,964.1524,483.058,82.0405,BOX:4:4:3:3,BOX:4:4:3:3,1,1,1.0,1
37,37,37,0,prediction_only,0.461682,0.461682,0,0.461682,0.35,0,32,1,1,0,0,81.641,1,6,1,791.5547,500.3351,964.7401,483.3261,81.584,BOX:4:4:3:3,BOX:4:4:3:3,1,1,1.0,1
38,38,38,0,prediction_only,0.646935,0.646935,0,0.337482,0.35,0,33,1,1,0,0,80.9512,2,7,1,964.1253,472.7454,964.1253,472.7454,79.9518,BOX:4:4:3:3,BOX:4:4:3:3,1,1,1.0,1
39,39,39,0,prediction_only,0.648094,0.648094,0,0.297941,0.35,0,34,1,1,0,0,80.2588,2,7,1,963.9213,472.6065,964.0287,472.6796,80.1129,BOX:4:4:3:3,BOX:4:4:3:3,1,1,1.0,1
40,40,40,0,prediction_only,0.655437,0.655437,0,0.264265,0.35,0,35,1,1,0,0,79.8397,3,7,1,965.0809,476.2508,966.1137,481.9728,79.9856,BOX:4:4:3:3,BOX:4:4:3:3,1,1,1.0,1
41,41,41,0,prediction_only,0.658674,0.658674,0,0.261144,0.35,0,36,1,1,0,0,79.2147,3,7,1,965.1788,476.3019,966.3452,480.8358,79.4342,BOX:4:4:3:3,BOX:4:4:3:3,1,1,1.0,1
42,42,42,0,prediction_only,0.658626,0.658626,0,0.259742,0.35,0,37,1,1,0,0,79.1811,3,7,1,965.168,476.2987,966.567,480.069,79.0076,BOX:4:4:3:3,BOX:4:4:3:3,1,1,1.0,1
43,43,43,0,prediction_only,0.650437,0.650437,0,0.650437,0.35,0,38,1,1,0,0,78.7203,4,8,1,966.9235,476.0261,967.0863,479.4681,78.5739,BOX:4:4:3:3,BOX:4:4:3:3,1,1,1.0,1
44,44,44,0,prediction_only,0.681876,0.681876,0,0.681876,0.35,0,39,1,1,0,0,78.0522,4,8,1,967.0259,476.2568,967.5419,479.0487,78.0842,BOX:4:4:3:3,BOX:4:4:3:3,1,1,1.0,1
45,45,45,0,prediction_only,0.613672,0.613672,0,0.268073,0.35,0,40,1,1,0,0,77.5254,3,8,1,968.7054,477.3903,968.1813,478.8843,77.5853,BOX:4:4:3:3,BOX:4:4:3:3,1,1,1.0,1
46,46,46,0,prediction_only,0.54052,0.54052,0,0.292541,0.35,0,41,1,1,0,0,76.8529,3,8,1,969.848,476.6107,968.8851,478.6475,77.0438,BOX:4:4:3:3,BOX:4:4:3:3,1,1,1.0,1
47,47,47,0,prediction_only,0.531195,0.531195,0,0.334717,0.35,0,42,1,1,0,0,76.3844,3,8,1,969.9181,476.6752,967.337,474.5321,76.9787,BOX:4:4:3:3,BOX:4:4:3:3,1,1,1.0,1
48,48,48,0,prediction_only,0.601005,0.601005,0,0.274861,0.35,0,43,1,1,0,0,75.6892,3,7,1,973.0154,475.6856,970.419,478.1829,75.9515,BOX:4:4:3:3,BOX:4:4:3:3,1,1,1.0,1
49,49,49,0,prediction_only,0.602998,0.602998,0,0.310745,0.35,0,44,1,1,0,0,75.2935,3,7,1,972.9464,475.6847,967.3379,474.533,75.8662,BOX:4:4:3:3,BOX:4:4:3:3,1,1,1.0,1
50,50,50,0,prediction_only,0.604699,0.604699,0,0.604699,0.35,0,45,1,1,0,0,75.2123,1,7,1,774.5787,501.0065,971.7883,477.9943,75.0032,BOX:4:4:3:3,BOX:4:4:3:3,1,1,1.0,1
51,51,51,0,prediction_only,0.604584,0.604584,0,0.604584,0.35,0,46,1,1,0,0,74.4378,1,7,1,774.5397,500.9954,972.3628,478.0437,74.4986,BOX:4:4:3:3,BOX:4:4:3:3,1,1,1.0,1
52,52,52,0,prediction_only,0.604127,0.604127,0,0.604127,0.35,0,47,1,1,0,0,74.0084,1,7,1,774.5277,500.9812,972.9373,478.093,74.0117,BOX:4:4:3:3,BOX:4:4:3:3,1,1,1.0,1
53,53,53,0,prediction_only,0.618019,0.618019,0,0.391736,0.35,0,48,1,1,0,0,73.5448,4,7,1,974.8635,475.6612,973.6927,477.8103,73.5304,BOX:4:4:3:3,BOX:4:4:3:3,1,1,1.0,1
54,54,54,0,prediction_only,0.618486,0.618486,0,0.404274,0.35,0,49,1,1,0,0,73.073,4,7,1,974.8726,475.6409,974.3472,477.5737,73.0515,BOX:4:4:3:3,BOX:4:4:3:3,1,1,1.0,1
55,55,55,0,prediction_only,0.667045,0.667045,0,0.667045,0.35,0,50,1,1,0,0,71.9687,1,7,1,974.5564,492.1217,974.9282,477.6077,72.4225,BOX:4:4:3:3,BOX:4:4:3:3,1,1,1.0,1
56,56,56,0,prediction_only,0.661084,0.661084,0,0.661084,0.35,0,51,1,1,0,0,71.9187,1,6,1,974.6761,492.0617,975.5092,477.6416,71.9295,BOX:4:4:3:3,BOX:4:4:3:3,1,1,1.0,1
57,57,57,0,prediction_only,0.665435,0.665435,0,0.665435,0.35,0,52,1,1,0,0,71.4174,1,6,1,974.7471,492.1238,973.1706,473.1817,71.644,BOX:4:4:3:3,BOX:4:4:3:3,1,1,1.0,1
58,58,58,0,prediction_only,0.399479,0.399479,0,0.399479,0.35,0,53,1,1,0,0,70.6527,1,6,1,762.0522,499.275,976.6713,477.7094,70.8747,BOX:4:4:3:3,BOX:4:4:3:3,1,1,1.0,1
59,59,59,0,prediction_only,0.417967,0.417967,0,0.417967,0.35,0,54,1,1,0,0,70.6355,1,6,1,762.0543,499.2195,977.2523,477.7433,70.4434,BOX:4:4:3:3,BOX:4:4:3:3,1,1,1.0,1
60,60,60,0,prediction_only,0.583846,0.583846,0,0.487655,0.35,0,55,1,1,0,0,69.662,2,6,1,910.0312,499.205,977.8333,477.7773,69.8836,BOX:4:4:3:3,BOX:4:4:3:3,1,1,1.0,1
61,61,61,0,prediction_only,0.621985,0.621985,0,0.471321,0.35,0,56,1,1,0,0,69.1559,2,6,1,909.5838,499.5468,978.4143,477.8112,69.3352,BOX:4:4:3:3,BOX:4:4:3:3,1,1,1.0,1
62,62,62,0,prediction_only,0.624106,0.624106,0,0.474465,0.35,0,57,1,1,0,0,68.806,2,5,1,909.5837,499.5572,978.9953,477.8451,68.8332,BOX:4:4:3:3,BOX:4:4:3:3,1,1,1.0,1
63,63,63,0,prediction_only,0.670119,0.670119,0,0.470523,0.35,0,58,1,1,0,0,68.3954,3,5,1,976.6319,477.4027,979.0432,477.7928,68.3528,BOX:4:4:3:3,BOX:4:4:3:3,1,1,1.0,1
64,64,64,0,prediction_only,0.671264,0.671264,0,0.45722,0.35,0,59,1,1,0,0,67.9092,3,5,1,976.6229,477.3701,979.1316,477.7517,67.8713,BOX:4:4:3:3,BOX:4:4:3:3,1,1,1.0,1
65,65,65,0,prediction_only,0.670971,0.670971,0,0.458278,0.35,0,60,1,1,0,0,67.1339,3,5,1,976.6262,477.3685,979.244,477.7219,67.3199,BOX:4:4:3:3,BOX:4:4:3:3,1,1,1.0,1
66,66,66,0,prediction_only,0.690383,0.690383,0,0.584472,0.35,0,61,1,1,0,0,66.979,3,5,1,977.0267,477.0502,979.4228,477.6571,66.8619,BOX:4:4:3:3,BOX:4:4:3:3,1,1,1.0,1
67,67,67,0,prediction_only,0.684975,0.684975,0,0.58776,0.35,0,62,1,1,0,0,66.2011,3,5,1,977.0493,477.0196,979.6013,477.6015,66.3284,BOX:4:4:3:3,BOX:4:4:3:3,1,1,1.0,1
68,68,68,0,prediction_only,0.695828,0.695828,0,0.695828,0.35,0,63,1,1,0,0,65.7568,3,5,1,978.2322,476.2341,979.9128,477.4639,65.8153,BOX:4:4:3:3,BOX:4:4:3:3,1,1,1.0,1
69,69,69,0,prediction_only,0.697076,0.697076,0,0.697076,0.35,0,64,1,1,0,0,65.3285,3,5,1,978.2058,476.2555,982.0359,489.1384,65.3221,BOX:4:4:3:3,BOX:4:4:3:3,1,1,1.0,1
70,70,70,0,prediction_only,0.700358,0.700358,0,0.700358,0.35,0,65,1,1,0,0,64.792,3,5,1,978.1976,476.2687,980.4532,477.253,64.8187,BOX:4:4:3:3,BOX:4:4:3:3,1,1,1.0,1
71,71,71,0,prediction_only,0.721553,0.721553,0,0.654662,0.35,0,66,1,1,0,0,64.4736,3,5,1,978.2113,475.9315,976.4899,472.4249,64.4292,BOX:4:4:3:3,BOX:4:4:3:3,1,1,1.0,1
72,72,72,0,prediction_only,0.721269,0.721269,0,0.656952,0.35,0,67,1,1,0,0,63.6898,3,5,1,978.2274,475.887,980.9166,477.026,63.823,BOX:4:4:3:3,BOX:4:4:3:3,1,1,1.0,1
73,73,73,0,prediction_only,0.69599,0.69599,0,0.69599,0.35,0,68,1,1,0,0,63.4391,3,5,1,977.8598,473.9891,981.0887,476.7505,63.3541,BOX:4:4:3:3,BOX:4:4:3:3,1,1,1.0,1
74,74,74,0,prediction_only,0.692234,0.692234,0,0.692234,0.35,0,69,1,1,0,0,62.4725,3,5,1,977.7858,473.8875,981.2422,476.4943,62.7672,BOX:4:4:3:3,BOX:4:4:3:3,1,1,1.0,1
75,75,75,0,prediction_only,0.730367,0.730367,0,0.730367,0.35,0,70,1,1,0,0,62.204,3,5,1,977.5881,473.5278,977.4383,472.2087,62.3057,BOX:4:4:3:3,BOX:4:4:3:3,1,1,1.0,1
76,76,76,0,prediction_only,0.734323,0.734323,0,0.734323,0.35,0,71,1,1,0,0,61.558,3,5,1,977.9665,473.6841,977.6754,472.1546,61.7563,BOX:4:4:3:3,BOX:4:4:3:3,1,1,1.0,1
77,77,77,0,prediction_only,0.723393,0.723393,0,0.723393,0.35,0,72,1,1,0,0,61.5405,4,6,1,978.5561,473.3853,985.979,487.4039,61.2891,BOX:4:4:3:3,BOX:4:4:3:3,1,1,1.0,1
78,78,78,0,prediction_only,0.721767,0.721767,0,0.721767,0.35,0,73,1,1,0,0,60.98,4,6,1,978.5213,473.4133,981.875,475.5669,60.8369,BOX:4:4:3:3,BOX:4:4:3:3,1,1,1.0,1
79,79,79,0,prediction_only,0.717498,0.717498,0,0.717498,0.35,0,74,1,1,0,0,60.5156,3,6,1,978.5051,473.0613,982.0297,475.3465,60.3827,BOX:4:4:3:3,BOX:4:4:3:3,1,1,1.0,1
80,80,80,0,prediction_only,0.725045,0.725045,0,0.725045,0.35,0,75,1,1,0,0,59.9571,3,6,1,978.587,474.453,978.6237,471.9384,59.9514,BOX:3:5:2:4,BOX:3:5:2:4,1,1,1.0,1
81,81,81,0,prediction_only,0.723457,0.723457,0,0.723457,0.35,0,76,1,1,0,0,59.4456,3,6,1,978.5879,474.4805,982.3134,475.1749,59.4187,BOX:3:5:2:4,BOX:3:5:2:4,1,1,1.0,1
82,82,82,0,prediction_only,0.708487,0.708487,0,0.708487,0.35,0,77,1,1,0,0,58.7768,4,6,1,978.1312,474.9233,979.0979,471.8303,58.9321,BOX:3:5:2:4,BOX:3:5:2:4,1,1,1.0,1
83,83,83,0,prediction_only,0.690598,0.690598,0,0.690598,0.35,0,78,1,1,0,0,58.7443,2,6,1,978.2519,475.2065,979.335,471.7762,58.5213,BOX:3:5:2:4,BOX:3:5:2:4,1,1,1.0,1
84,84,84,0,prediction_only,0.670241,0.670241,0,0.670241,0.35,0,79,1,1,0,0,57.729,3,6,1,978.4042,475.4496,982.5796,475.1243,57.9242,BOX:3:5:2:4,BOX:3:5:2:4,1,1,1.0,1
85,85,85,0,prediction_only,0.672495,0.672495,0,0.672495,0.35,0,80,1,1,0,0,57.387,3,5,1,978.4016,475.4476,982.6606,475.1288,57.4197,BOX:3:5:2:4,BOX:3:5:2:4,1,1,1.0,1
86,86,86,0,prediction_only,0.672545,0.672545,0,0.672545,0.35,0,81,1,1,0,0,56.4937,3,5,1,978.3994,475.4476,982.7324,475.1331,56.8227,BOX:3:5:2:4,BOX:3:5:2:4,1,1,1.0,1
87,87,87,0,prediction_only,0.696123,0.696123,0,0.696123,0.35,0,82,1,1,0,0,56.4755,3,5,1,978.4854,475.5955,982.8022,475.1484,56.3611,BOX:3:5:2:4,BOX:3:5:2:4,1,1,1.0,1
88,88,88,0,full,0.636444,0.636444,0,0.636444,0.35,0,0,1,1,0,0,55.9269,4,4,1,977.933,475.6949,982.8223,475.1704,55.8796,BOX:3:5:2:4,BOX:3:5:2:4,1,1,1.0,1
89,89,89,0,full,0.638148,0.638148,0,0.638148,0.35,0,0,1,1,0,0,55.3309,4,4,1,978.0084,475.7081,982.8426,475.1921,55.3712,BOX:3:5:2:4,BOX:3:5:2:4,1,1,1.0,1
90,90,90,0,full,0.58266,0.58266,0,0.58266,0.35,0,0,1,1,0,0,55.1182,4,4,1,977.8598,475.8239,982.8464,475.2212,54.9327,BOX:3:5:2:4,BOX:3:5:2:4,1,1,1.0,1
91,91,91,0,prediction_only,0.61706,0.61706,0,0.304009,0.35,0,1,1,1,0,0,54.0832,5,6,1,978.2655,473.6002,978.2655,473.6002,53.4155,BOX:3:5:2:4,BOX:3:5:2:4,1,1,1.0,1
92,92,92,0,prediction_only,0.627723,0.627723,0,0.255686,0.35,0,2,1,1,0,0,53.6268,5,6,1,978.2425,473.5533,978.2546,473.578,53.5264,BOX:3:5:2:4,BOX:3:5:2:4,1,1,1.0,1
93,93,93,0,full,0.677023,0.677023,0,0.677023,0.35,0,0,1,1,0,0,53.0606,6,6,1,977.497,475.3742,982.8204,475.2194,53.2463,BOX:3:5:2:4,BOX:3:5:2:4,1,1,1.0,1
94,94,94,0,full,0.67974,0.67974,0,0.67974,0.35,0,0,1,1,0,0,52.8879,6,6,1,977.5577,475.3523,982.7859,475.2132,52.7802,BOX:3:5:2:4,BOX:3:5:2:4,1,1,1.0,1
95,95,95,0,prediction_only,0.716789,0.716789,0,0.716789,0.35,0,1,1,1,0,0,52.3732,4,6,1,977.644,477.1202,982.7552,475.3345,52.3031,BOX:3:5:2:4,BOX:3:5:2:4,1,1,1.0,1
96,96,96,0,prediction_only,0.711141,0.711141,0,0.711141,0.35,0,2,1,1,0,0,51.9612,4,6,1,977.624,477.0727,982.7203,475.4455,51.8419,BOX:3:5:2:4,BOX:3:5:2:4,1,1,1.0,1
97,97,97,0,prediction_only,0.710385,0.710385,0,0.710385,0.35,0,3,1,1,0,0,51.2438,4,6,1,977.6417,477.0782,982.6842,475.5505,51.3206,BOX:3:5:2:4,BOX:3:5:2:4,1,1,1.0,1
98,98,98,0,prediction_only,0.683509,0.683509,0,0.683509,0.35,0,4,1,1,0,0,50.6885,5,6,1,977.8428,474.4986,982.66,475.4662,50.7909,BOX:3:5:2:4,BOX:3:5:2:4,1,1,1.0,1
99,99,99,0,prediction_only,0.713844,0.713844,0,0.713844,0.35,0,5,1,1,0,0,50.3473,5,6,1,977.7822,475.4735,982.6284,475.456,50.3052,BOX:3:5:2:4,BOX:3:5:2:4,1,1,1.0,1
100,100,100,0,prediction_only,0.71222,0.71222,0,0.71222,0.35,0,6,1,1,0,0,49.9658,5,6,1,977.7391,475.5608,982.5912,475.4527,49.8445,BOX:3:5:2:4,BOX:3:5:2:4,1,1,1.0,1
101,101,101,0,prediction_only,0.715914,0.715914,0,0.715914,0.35,0,7,1,1,0,0,49.5638,5,6,1,977.7482,475.5126,982.5523,475.4464,49.3984,BOX:3:5:2:4,BOX:3:5:2:4,1,1,1.0,1
102,102,102,0,prediction_only,0.74828,0.74828,0,0.74828,0.35,0,8,1,1,0,0,48.8445,4,6,1,978.261,475.0161,982.5474,475.4057,48.8885,BOX:3:5:2:4,BOX:3:5:2:4,1,1,1.0,1
103,103,103,0,prediction_only,0.730309,0.730309,0,0.730309,0.35,0,9,1,1,0,0,48.3203,5,7,1,977.3124,473.1247,982.4719,475.2347,48.3749,BOX:3:5:2:4,BOX:3:5:2:4,1,1,1.0,1
104,104,104,0,prediction_only,0.630955,0.630955,0,0.630955,0.35,0,10,1,1,0,0,47.8952,5,7,1,977.9814,474.3276,982.4432,475.1577,47.8821,BOX:3:5:2:4,BOX:3:5:2:4,1,1,1.0,1
105,105,105,0,prediction_only,0.636355,0.636355,0,0.636355,0.35,0,11,1,1,0,0,47.5483,5,7,1,977.9832,474.2931,982.4121,475.0829,47.4239,BOX:3:5:2:4,BOX:3:5:2:4,1,1,1.0,1
106,106,106,0,prediction_only,0.635669,0.635669,0,0.635669,0.35,0,12,1,1,0,0,46.9839,5,7,1,977.982,474.2878,982.3785,475.0121,46.9412,BOX:3:5:2:4,BOX:3:5:2:4,1,1,1.0,1
107,107,107,0,prediction_only,0.73014,0.73014,0,0.73014,0.35,0,13,1,1,0,0,45.9391,5,7,1,978.6713,474.0962,982.3907,474.9321,46.3256,BOX:3:5:2:4,BOX:3:5:2:4,1,1,1.0,1
108,108,108,0,prediction_only,0.757167,0.757167,0,0.757167,0.35,0,14,1,1,0,0,45.7602,7,8,1,979.0742,473.6377,982.4262,474.825,45.8112,BOX:3:5:2:4,BOX:3:5:2:4,1,1,1.0,1
109,109,109,0,prediction_only,0.756875,0.756875,0,0.756875,0.35,0,15,1,1,0,0,45.4368,7,8,1,979.0234,473.6716,982.4522,474.7264,45.3417,BOX:3:5:2:4,BOX:3:5:2:4,1,1,1.0,1
110,110,110,0,prediction_only,0.753776,0.753776,0,0.753776,0.35,0,16,1,1,0,0,44.6454,6,8,1,978.8207,472.8071,982.4588,474.5737,44.7966,BOX:3:5:2:4,BOX:3:5:2:4,1,1,1.0,1
111,111,111,0,prediction_only,0.736433,0.736433,0,0.736433,0.35,0,17,1,1,0,0,44.0652,6,8,1,979.0281,472.6467,982.4756,474.4186,44.2422,BOX:3:5:2:4,BOX:3:5:2:4,1,1,1.0,1
112,112,112,0,prediction_only,0.735338,0.735338,0,0.517639,0.35,0,18,1,1,0,0,43.7838,8,9,1,527.6061,465.7525,533.6382,473.5057,44.2745,BOX:1:3:2:4,BOX:1:3:2:4,1,1,1.0,1
113,113,113,0,prediction_only,0.734579,0.734579,0,0.514021,0.35,0,19,1,1,0,0,43.3367,8,9,1,527.5765,465.6886,531.5738,472.9762,43.2923,BOX:1:3:2:4,BOX:1:3:2:4,1,1,1.0,1
114,114,114,0,prediction_only,0.716995,0.716995,0,0.716995,0.35,0,20,1,1,0,0,42.9361,4,9,1,979.0033,475.503,982.4871,474.2032,42.8103,BOX:3:5:2:4,BOX:3:5:2:4,1,1,1.0,1
115,115,115,0,prediction_only,0.724309,0.724309,0,0.583543,0.35,0,21,1,1,0,0,42.4811,4,9,1,500.8406,467.7491,516.0177,470.4136,42.8847,BOX:1:3:2:4,BOX:1:3:2:4,1,1,1.0,1
116,116,116,0,prediction_only,0.731057,0.731057,0,0.731057,0.35,0,22,1,1,0,0,41.8901,4,9,1,978.757,474.6078,982.4605,474.2713,41.8622,BOX:3:5:2:4,BOX:3:5:2:4,1,1,1.0,1
117,117,117,0,prediction_only,0.713005,0.713005,0,0.452769,0.35,0,23,1,1,0,0,41.4094,4,9,1,469.3499,460.1895,497.2403,470.8282,41.9996,BOX:1:3:2:4,BOX:1:3:2:4,1,1,0.5,1
118,118,118,0,prediction_only,0.733184,0.733184,0,0.591204,0.35,0,24,1,1,0,0,40.5934,5,9,1,437.9306,462.2993,483.3462,470.036,41.0337,BOX:1:3:2:4,BOX:1:3:2:4,1,1,0.5,1
119,119,119,0,prediction_only,0.734925,0.734925,0,0.58105,0.35,0,25,1,1,0,0,40.4019,5,9,1,437.9217,462.3208,471.4444,468.0087,40.5433,BOX:0:2:2:4,BOX:0:2:2:4,1,1,1.0,1
120,121,120,0,prediction_only,0.742411,0.742411,0,0.317459,0.35,0,26,1,1,0,0,39.7025,4,9,1,393.2851,461.2899,452.2588,468.4391,39.9913,BOX:0:2:2:4,BOX:0:2:2:4,1,1,1.0,1
121,122,121,0,prediction_only,0.733637,0.733637,0,0.322691,0.35,0,27,1,1,0,0,39.4916,3,9,1,358.2253,480.4148,431.5542,469.6124,39.531,BOX:0:2:2:4,BOX:0:2:2:4,1,1,1.0,1
122,123,122,0,prediction_only,0.732546,0.732546,0,0.325126,0.35,0,28,1,1,0,0,38.5876,3,9,1,358.1557,480.463,413.5265,470.692,38.9476,BOX:0:2:2:4,BOX:0:2:2:4,1,1,1.0,1
123,124,123,0,prediction_only,0.650913,0.650913,0,0.308592,0.35,0,29,1,1,0,0,37.9303,4,9,1,361.5986,457.6071,394.8449,471.382,38.3395,BOX:0:2:2:4,BOX:0:2:2:4,1,1,1.0,1
124,125,124,0,prediction_only,0.658616,0.658616,0,0.658616,0.35,0,30,1,1,0,0,37.8351,2,9,1,982.3519,473.9088,982.7809,474.5394,37.7327,BOX:3:5:2:4,BOX:3:5:2:4,1,1,1.0,1
125,126,125,0,prediction_only,0.669994,0.669994,0,0.432955,0.35,0,31,1,1,0,0,37.2754,2,9,1,885.8904,498.2763,376.709,470.3139,37.3676,BOX:0:2:2:4,BOX:0:2:2:4,1,1,1.0,1
126,127,126,0,prediction_only,0.730328,0.730328,0,0.268749,0.35,0,32,1,1,0,0,36.9486,4,9,1,274.9656,476.6499,350.225,471.0708,36.9142,BOX:0:2:2:4,BOX:0:2:2:4,1,1,1.0,1
127,128,127,0,prediction_only,0.781776,0.781776,0,0.449899,0.35,0,33,1,1,0,0,36.1928,2,9,1,885.2393,498.3304,340.162,470.6105,36.3818,BOX:0:2:2:4,BOX:0:2:2:4,1,1,1.0,1
128,129,128,0,prediction_only,0.786575,0.786575,0,0.449825,0.35,0,34,1,1,0,0,35.8516,2,9,1,885.2408,498.3173,330.0989,470.1502,35.8973,BOX:0:2:2:4,BOX:0:2:2:4,1,1,0.6667,1
129,130,129,0,prediction_only,0.712438,0.712438,0,0.457137,0.35,0,35,1,1,0,0,35.6807,2,9,1,885.1176,498.0966,320.0358,469.6899,35.4934,BOX:0:2:2:4,BOX:0:2:2:4,1,1,1.0,1
130,131,130,0,prediction_only,0.673525,0.673525,0,0.250758,0.35,0,36,1,1,0,0,34.8529,3,9,1,883.6626,498.0113,309.9728,469.2296,34.9825,BOX:0:2:2:4,BOX:0:2:2:4,1,1,0.6667,1
131,132,131,0,prediction_only,0.668145,0.668145,0,0.37258,0.35,0,37,1,1,0,0,34.2295,3,10,1,166.1565,339.1415,299.9097,468.7693,34.4416,BOX:0:2:2:4,BOX:0:2:2:4,1,1,1.0,1
132,133,132,0,prediction_only,0.67465,0.67465,0,0.365632,0.35,0,38,1,1,0,0,34.0154,3,10,1,165.9155,339.4156,289.8467,468.309,33.9817,BOX:0:2:2:4,BOX:0:2:2:4,1,1,0.6667,1
133,134,133,0,prediction_only,0.669074,0.669074,0,0.669074,0.35,0,39,1,1,0,0,33.567,3,10,1,983.3266,475.3232,984.0233,474.8389,33.4299,BOX:3:5:2:4,BOX:3:5:2:4,1,1,1.0,1
134,135,134,0,prediction_only,0.675254,0.675254,0,0.675254,0.35,0,40,1,1,0,0,32.5406,2,10,1,984.1248,475.0126,984.2267,474.8399,32.8404,BOX:3:5:2:4,BOX:3:5:2:4,1,1,1.0,1
135,136,135,0,prediction_only,0.675898,0.675898,0,0.675898,0.35,0,41,1,1,0,0,32.4773,2,10,1,984.1238,475.0294,984.416,474.8422,32.3737,BOX:3:5:2:4,BOX:3:5:2:4,1,1,1.0,1
136,137,136,0,prediction_only,0.676291,0.676291,0,0.432261,0.35,0,42,1,1,0,0,31.5759,2,10,1,885.5128,498.361,249.5945,466.4678,31.8805,BOX:0:2:2:4,BOX:0:2:2:4,1,1,0.6667,1
137,138,137,0,prediction_only,0.706707,0.706707,0,0.706707,0.35,0,43,1,1,0,0,31.2616,3,10,1,984.9571,475.2221,984.8126,474.8606,31.2947,BOX:3:5:2:4,BOX:3:5:2:4,1,1,1.0,1
138,139,138,0,prediction_only,0.72622,0.72622,0,0.72622,0.35,0,44,1,1,0,0,30.5417,4,10,1,987.1417,474.1942,985.1659,474.8058,30.7347,BOX:3:5:2:4,BOX:3:5:2:4,1,1,1.0,1
139,140,139,0,prediction_only,0.726505,0.726505,0,0.726505,0.35,0,45,1,1,0,0,30.3052,4,10,1,987.1623,474.2526,985.4986,474.758,30.2503,BOX:3:5:2:4,BOX:3:5:2:4,1,1,1.0,1
140,141,140,0,prediction_only,0.728311,0.728311,0,0.728311,0.35,0,46,1,1,0,0,29.2175,4,10,1,987.1566,474.3472,985.8102,474.7193,29.6233,BOX:2:6:1:5,BOX:2:6:1:5,1,1,1.0,1
141,142,141,0,prediction_only,0.733241,0.733241,0,0.733241,0.35,0,47,1,1,0,0,29.3386,2,10,1,987.195,473.4468,986.1048,474.622,29.1711,BOX:2:6:1:5,BOX:2:6:1:5,1,1,1.0,1
142,143,142,0,prediction_only,0.73724,0.73724,0,0.73724,0.35,0,48,1,1,0,0,28.5056,2,10,1,987.2243,473.4208,986.3826,474.5283,28.6297,BOX:2:6:1:5,BOX:2:6:1:5,1,1,1.0,1
143,144,143,0,prediction_only,0.463694,0.463694,0,0.463694,0.35,0,49,1,1,0,0,28.3582,2,10,1,982.3525,468.8077,986.3137,474.1285,28.1809,BOX:2:6:1:5,BOX:2:6:1:5,1,1,1.0,1
144,145,144,0,prediction_only,0.636814,0.636814,0,0.636814,0.35,0,50,1,1,0,0,27.6916,2,7,1,987.6227,470.4769,986.6009,473.8628,27.6815,BOX:2:6:1:5,BOX:2:6:1:5,1,1,1.0,1
145,146,145,0,prediction_only,0.591922,0.591922,0,0.591922,0.35,0,51,1,1,0,0,27.3172,2,7,1,987.8441,470.3896,986.8847,473.6056,27.2118,BOX:2:6:1:5,BOX:2:6:1:5,1,1,1.0,1
146,147,146,0,prediction_only,0.677791,0.677791,0,0.677791,0.35,0,52,1,1,0,0,26.7575,2,7,1,987.019,469.6738,987.0948,473.3142,26.7214,BOX:2:6:1:5,BOX:2:6:1:5,1,1,1.0,1
147,148,147,0,prediction_only,0.608169,0.608169,0,0.608169,0.35,0,53,1,1,0,0,26.3012,3,7,1,988.6939,470.8861,987.4035,473.1204,26.2393,BOX:2:6:1:5,BOX:2:6:1:5,1,1,1.0,1
148,149,148,0,prediction_only,0.614795,0.614795,0,0.614795,0.35,0,54,1,1,0,0,25.8789,3,7,1,988.8313,470.855,987.702,472.9353,25.7717,BOX:2:6:1:5,BOX:2:6:1:5,1,1,1.0,1
149,150,149,0,prediction_only,0.61336,0.61336,0,0.61336,0.35,0,55,1,1,0,0,25.2683,3,7,1,988.8664,470.8363,987.9839,472.7592,25.2709,BOX:2:6:1:5,BOX:2:6:1:5,1,1,1.0,1
150,151,150,0,prediction_only,0.616658,0.616658,0,0.616658,0.35,0,56,1,1,0,0,24.8024,4,8,1,991.8612,465.8816,988.4493,472.2595,24.7783,BOX:2:6:1:5,BOX:2:6:1:5,1,1,1.0,1
151,152,151,0,prediction_only,0.62185,0.62185,0,0.62185,0.35,0,57,1,1,0,0,24.357,5,8,1,992.1282,466.178,988.9049,471.8068,24.297,BOX:2:6:1:5,BOX:2:6:1:5,1,1,1.0,1
152,153,152,0,prediction_only,0.668293,0.668293,0,0.668293,0.35,0,58,1,1,0,0,23.7035,3,8,1,995.1631,466.5318,989.5373,471.4026,23.7753,BOX:2:6:1:5,BOX:2:6:1:5,1,1,1.0,1
153,154,153,0,prediction_only,0.645468,0.645468,0,0.645468,0.35,0,59,1,1,0,0,23.529,3,8,1,995.1967,466.4835,990.1353,471.0173,23.3355,BOX:2:6:1:5,BOX:2:6:1:5,1,1,1.0,1
154,155,154,0,prediction_only,0.595124,0.595124,0,0.595124,0.35,0,60,1,1,0,0,22.7348,4,8,1,994.1576,467.0502,990.6283,470.6914,22.8128,BOX:2:6:1:5,BOX:2:6:1:5,1,1,1.0,1
155,156,155,0,prediction_only,0.580711,0.580711,0,0.580711,0.35,0,61,1,1,0,0,22.087,5,9,1,995.2727,469.5203,991.1668,470.5497,22.26,BOX:2:6:1:5,BOX:2:6:1:5,1,1,1.0,1
156,157,156,0,prediction_only,0.621423,0.621423,0,0.576752,0.35,0,62,1,1,0,0,21.5086,5,9,1,996.5915,469.0894,991.7619,470.3876,21.7002,BOX:2:6:1:5,BOX:2:6:1:5,1,1,1.0,1
157,158,157,0,prediction_only,0.557235,0.557235,0,0.557235,0.35,0,63,1,1,0,0,21.615,4,7,1,996.7317,469.0614,992.3315,470.2331,21.297,BOX:2:6:1:5,BOX:2:6:1:5,1,1,1.0,1
158,159,158,0,prediction_only,0.662702,0.662702,0,0.662702,0.35,0,64,1,1,0,0,20.7624,6,8,1,998.0072,469.4514,992.9529,470.114,20.7892,BOX:2:6:1:5,BOX:2:6:1:5,1,1,1.0,1
159,160,159,0,prediction_only,0.670197,0.670197,0,0.670197,0.35,0,65,1,1,0,0,20.5009,5,8,1,997.9223,469.1755,993.5321,469.9836,20.3396,BOX:2:6:1:5,BOX:2:6:1:5,1,1,1.0,1
160,161,160,0,prediction_only,0.642737,0.642737,0,0.642737,0.35,0,66,1,1,0,0,19.2998,5,8,1,998.1789,469.8304,994.0941,469.9052,19.713,BOX:2:6:1:5,BOX:2:6:1:5,1,1,1.0,1
161,162,161,0,prediction_only,0.510494,0.510494,0,0.510494,0.35,0,67,1,1,0,0,19.1213,4,8,1,999.1491,470.0596,994.6878,469.8474,19.1901,BOX:2:6:1:5,BOX:2:6:1:5,1,1,1.0,1
162,163,162,0,prediction_only,0.488505,0.488505,0,0.488505,0.35,0,68,1,1,0,0,18.979,4,8,1,998.5912,467.855,995.2087,469.6457,18.7569,BOX:2:6:1:5,BOX:2:6:1:5,1,1,1.0,1
163,164,163,0,prediction_only,0.482773,0.482773,0,0.482773,0.35,0,69,1,1,0,0,17.6857,5,8,1,998.7121,467.6345,995.7062,469.4409,18.1213,BOX:2:6:1:5,BOX:2:6:1:5,1,1,1.0,1
164,165,164,0,prediction_only,0.54157,0.54157,0,0.481033,0.35,0,70,1,1,0,0,17.5057,4,8,1,999.8217,466.7496,996.2478,469.1885,17.5911,BOX:2:6:1:5,BOX:2:6:1:5,1,1,1.0,1
165,166,165,0,prediction_only,0.545842,0.545842,0,0.485258,0.35,0,71,1,1,0,0,17.0973,4,8,1,999.8455,466.6848,996.7584,468.9463,17.0892,BOX:2:6:1:5,BOX:2:6:1:5,1,1,1.0,1
166,167,166,0,prediction_only,0.658701,0.658701,0,0.556267,0.35,0,72,1,1,0,0,16.5745,4,8,1,999.6977,464.0968,997.228,468.5444,16.5824,BOX:2:6:1:5,BOX:2:6:1:5,1,1,1.0,1
167,168,167,0,prediction_only,0.751492,0.751492,0,0.751492,0.35,0,73,1,1,0,0,16.5746,5,8,1,1001.4483,461.7527,999.0962,460.5309,16.4892,BOX:2:6:1:5,BOX:2:6:1:5,1,1,1.0,1
168,169,168,0,prediction_only,0.69236,0.69236,0,0.69236,0.35,0,74,1,1,0,0,15.8337,5,8,1,1001.2167,466.6926,998.2503,467.9369,15.7272,BOX:2:6:1:5,BOX:2:6:1:5,1,1,1.0,1
169,170,169,0,prediction_only,0.699693,0.699693,0,0.699693,0.35,0,75,1,1,0,0,15.1979,5,8,1,1001.5886,466.9168,998.7553,467.7811,15.2198,BOX:2:6:1:5,BOX:2:6:1:5,1,1,1.0,1
170,171,170,0,prediction_only,0.604859,0.604859,0,0.535559,0.35,0,76,1,1,0,0,14.7624,4,8,1,1003.0714,461.8625,1004.4543,459.2226,14.9608,BOX:2:6:1:5,BOX:2:6:1:5,1,1,1.0,1
171,172,171,0,prediction_only,0.64324,0.64324,0,0.297982,0.35,0,77,1,1,0,0,14.1025,5,7,1,1003.3794,462.3042,999.73,467.3773,14.1988,BOX:2:6:1:5,BOX:2:6:1:5,1,1,1.0,1
172,173,172,0,prediction_only,0.660825,0.660825,0,0.660825,0.35,0,78,1,1,0,0,13.5843,4,7,1,1004.5114,466.9174,1000.3398,467.2552,13.6707,BOX:2:6:1:5,BOX:2:6:1:5,1,1,1.0,1
173,174,173,0,prediction_only,0.745911,0.745911,0,0.745911,0.35,0,79,1,1,0,0,12.983,4,7,1,1005.8715,457.8332,1008.4384,458.583,13.2878,BOX:2:6:1:5,BOX:2:6:1:5,1,1,1.0,1
174,175,174,0,prediction_only,0.747205,0.747205,0,0.574827,0.35,0,80,1,1,0,0,12.4627,4,7,1,1005.4204,464.8409,1001.5674,466.7599,12.584,BOX:2:6:1:5,BOX:2:6:1:5,1,1,1.0,1
175,176,175,0,prediction_only,0.746552,0.746552,0,0.746552,0.35,0,81,1,1,0,0,12.2242,4,7,1,1005.8885,457.7158,1010.469,457.6158,12.255,BOX:2:6:1:5,BOX:2:6:1:5,1,1,1.0,1
176,177,176,0,prediction_only,0.52101,0.52101,0,0.52101,0.35,0,82,1,1,0,0,11.7963,5,7,1,1008.2485,467.1173,1002.844,466.478,11.6549,BOX:2:6:1:5,BOX:2:6:1:5,1,1,1.0,1
177,178,177,0,prediction_only,0.501105,0.501105,0,0.501105,0.35,0,83,1,1,0,0,11.218,5,7,1,1008.1074,467.3268,1003.5077,466.4379,11.1683,BOX:2:6:1:5,BOX:2:6:1:5,1,1,1.0,1
178,179,178,0,prediction_only,0.504451,0.504451,0,0.504451,0.35,0,84,1,1,0,0,10.6108,5,7,1,1008.1203,467.3336,1004.1325,466.4019,10.6534,BOX:2:6:1:5,BOX:2:6:1:5,1,1,1.0,1
179,180,179,0,prediction_only,0.509674,0.509674,0,0.435173,0.35,0,85,1,1,0,0,10.1142,4,7,1,1008.4429,461.5398,1004.78,466.2517,10.1426,BOX:2:6:1:5,BOX:2:6:1:5,1,1,1.0,1
180,181,180,0,prediction_only,0.586238,0.586238,0,0.586238,0.35,0,86,1,1,0,0,9.4191,4,7,1,1009.5579,467.2714,1005.4243,466.2242,9.5879,BOX:2:6:1:5,BOX:2:6:1:5,1,1,1.0,1
181,182,181,0,prediction_only,0.5099,0.5099,0,0.5099,0.35,0,87,1,1,0,0,9.0533,4,7,1,1007.939,464.4486,1005.9213,466.0106,9.0771,BOX:2:6:1:5,BOX:2:6:1:5,1,1,1.0,1
182,183,182,0,prediction_only,0.496295,0.496295,0,0.437898,0.35,0,88,1,1,0,0,8.5097,4,6,1,1008.2068,458.8226,1014.9579,457.5593,8.6487,BOX:2:6:1:5,BOX:2:6:1:5,1,1,1.0,1
183,184,183,0,prediction_only,0.533615,0.533615,0,0.419308,0.35,0,89,1,1,0,0,8.0465,4,6,1,1006.578,462.9667,1006.7352,465.5178,8.0524,BOX:2:6:1:5,BOX:2:6:1:5,1,1,1.0,1
184,185,184,0,prediction_only,0.685624,0.685624,0,0.490284,0.35,0,90,1,1,0,0,7.781,4,6,1,1012.02,466.8698,1007.4212,465.5079,7.6034,BOX:2:6:1:5,BOX:2:6:1:5,1,1,1.0,1
185,186,185,0,prediction_only,0.722057,0.722057,0,0.722057,0.35,0,91,1,1,0,0,7.2666,4,6,1,1011.7781,459.4823,1008.0753,465.4993,7.14,BOX:2:6:1:5,BOX:2:6:1:5,1,1,1.0,1
186,187,186,0,prediction_only,0.724599,0.724599,0,0.724599,0.35,0,92,1,1,0,0,6.4138,5,6,1,1011.71,459.3529,1016.8171,457.5682,6.6622,BOX:2:6:1:5,BOX:2:6:1:5,1,1,1.0,1
187,188,187,0,prediction_only,0.722426,0.722426,0,0.722426,0.35,0,93,1,1,0,0,5.8953,5,6,1,1011.6718,459.3393,1009.2636,465.4893,6.0377,BOX:2:6:1:5,BOX:2:6:1:5,1,1,1.0,1
188,189,188,0,prediction_only,0.737836,0.737836,0,0.703549,0.35,0,94,1,1,0,0,5.4424,6,7,1,1013.1602,465.7935,1009.872,465.4149,5.5119,BOX:2:6:1:5,BOX:2:6:1:5,1,1,1.0,1
189,190,189,0,prediction_only,0.729224,0.729224,0,0.702577,0.35,0,95,1,1,0,0,5.2986,4,7,1,1013.6219,465.3445,1017.9174,457.3182,5.1438,BOX:2:6:1:5,BOX:2:6:1:5,1,1,1.0,1
190,191,190,0,prediction_only,0.728173,0.728173,0,0.703076,0.35,0,96,1,1,0,0,4.8581,4,7,1,1013.5993,465.393,1018.1088,457.2322,4.7087,BOX:2:6:1:5,BOX:2:6:1:5,1,1,1.0,1
191,192,191,0,prediction_only,0.760723,0.760723,0,0.760723,0.35,0,97,1,1,0,0,4.5125,4,7,1,1014.3056,465.3944,1011.6128,465.1436,4.2277,BOX:2:6:1:5,BOX:2:6:1:5,1,1,1.0,1
192,193,192,0,prediction_only,0.760993,0.760993,0,0.70366,0.35,0,98,1,1,0,0,3.168,4,7,1,1013.5529,460.8154,1018.7333,457.4988,3.6568,BOX:2:6:1:5,BOX:2:6:1:5,1,1,1.0,1
193,194,193,0,prediction_only,0.75535,0.75535,0,0.75535,0.35,0,99,1,1,0,0,2.864,6,7,1,1014.9774,466.0247,1012.7525,465.024,3.039,BOX:2:6:1:5,BOX:2:6:1:5,1,1,1.0,1
194,195,194,0,prediction_only,0.760109,0.760109,0,0.760109,0.35,0,100,1,1,0,0,2.5469,6,7,1,1014.9983,466.0954,1013.2676,465.0029,2.538,BOX:2:6:1:5,BOX:2:6:1:5,1,1,1.0,1
195,196,195,0,prediction_only,0.762147,0.762147,0,0.674428,0.35,0,101,1,1,0,0,2.225,6,7,1,1011.5453,461.0188,1019.0051,458.0682,2.1334,BOX:2:6:1:5,BOX:2:6:1:5,1,1,1.0,1
196,197,196,0,prediction_only,0.694057,0.694057,0,0.694057,0.35,0,102,1,1,0,0,1.6195,5,7,1,1015.6093,466.1947,1019.1555,458.2619,1.6393,BOX:2:6:1:5,BOX:2:6:1:5,1,1,1.0,1
197,198,197,0,prediction_only,0.692942,0.692942,0,0.692942,0.35,0,103,1,1,0,0,1.0904,5,7,1,1015.6695,466.2016,1014.7069,464.966,1.086,BOX:2:6:1:5,BOX:2:6:1:5,1,1,1.0,1
198,199,198,0,prediction_only,0.693876,0.693876,0,0.693876,0.35,0,104,1,1,0,0,0.7959,5,7,1,1015.6535,466.1895,1015.1405,464.9599,0.6339,BOX:2:6:1:5,BOX:2:6:1:5,1,1,1.0,1
199,200,199,0,prediction_only,0.665092,0.665092,0,0.665092,0.35,0,105,1,1,0,0,0.2137,4,7,1,1016.1115,461.2391,1019.8255,458.7542,0.2008,BOX:2:6:1:5,BOX:2:6:1:5,1,1,1.0,1
200,201,200,0,prediction_only,0.679295,0.679295,0,0.517426,0.35,0,106,1,1,0,0,0.0,4,7,1,1016.81,465.4711,1020.1985,458.8769,-0.2169,BOX:2:6:1:5,BOX:2:6:1:5,1,1,1.0,1
201,202,201,0,prediction_only,0.533741,0.533741,0,0.533741,0.35,0,107,1,1,0,0,0.0,4,8,1,1013.6816,462.0486,1020.2987,459.0806,-0.5318,BOX:2:6:1:5,BOX:2:6:1:5,1,1,1.0,1
202,203,202,0,prediction_only,0.531718,0.531718,0,0.457314,0.35,0,108,1,1,0,0,0.0,4,8,1,1015.1125,465.4975,1016.6771,464.7813,-0.8224,BOX:2:6:1:5,BOX:2:6:1:5,1,1,1.0,1
203,204,203,0,prediction_only,0.671644,0.671644,0,0.671644,0.35,0,109,1,1,0,0,0.0,5,8,1,1014.8299,466.7517,1016.9236,464.829,-0.9998,BOX:2:6:1:5,BOX:2:6:1:5,1,1,1.0,1
204,205,204,0,prediction_only,0.671289,0.671289,0,0.671289,0.35,0,110,1,1,0,0,0.0,5,8,1,1014.811,466.8205,1017.1502,464.8801,-1.1294,BOX:2:6:1:5,BOX:2:6:1:5,1,1,1.0,1
205,206,205,0,prediction_only,0.699069,0.699069,0,0.699069,0.35,0,111,1,1,0,0,0.0,6,8,1,1015.749,464.9658,1017.422,464.8058,-1.2217,BOX:2:6:1:5,BOX:2:6:1:5,1,1,1.0,1
206,207,206,0,prediction_only,0.700543,0.700543,0,0.68805,0.35,0,112,1,1,0,0,0.0,6,8,1,1015.2669,461.4634,1020.692,459.9536,-1.2111,BOX:2:6:1:5,BOX:2:6:1:5,1,1,1.0,1
207,208,207,0,prediction_only,0.794191,0.794191,0,0.794191,0.35,0,113,1,1,0,0,0.0,6,8,1,1018.7595,464.2455,1020.7054,459.7809,-1.2476,BOX:2:6:1:5,BOX:2:6:1:5,1,1,1.0,1
208,209,208,0,prediction_only,0.794517,0.794517,0,0.794517,0.35,0,114,1,1,0,0,0.0,6,8,1,1018.0012,464.4248,1020.7297,459.6142,-1.2672,BOX:2:6:1:5,BOX:2:6:1:5,1,1,1.0,1
209,210,209,0,prediction_only,0.793674,0.793674,0,0.793674,0.35,0,115,1,1,0,0,0.0,6,7,1,1018.0009,464.4466,1018.7955,464.4495,-1.3591,BOX:2:6:1:5,BOX:2:6:1:5,1,1,1.0,1
210,211,210,0,prediction_only,0.790802,0.790802,0,0.790802,0.35,0,116,1,1,0,0,0.0,6,7,1,1019.582,461.2278,1020.7729,459.1028,-1.2703,BOX:2:6:1:5,BOX:2:6:1:5,1,1,1.0,1
211,212,211,0,prediction_only,0.791402,0.791402,0,0.791402,0.35,0,117,1,1,0,0,0.0,6,7,1,1019.5254,461.1445,1020.7949,458.7652,-1.2596,BOX:2:6:1:5,BOX:2:6:1:5,1,1,1.0,1
212,213,212,0,prediction_only,0.794491,0.794491,0,0.794491,0.35,0,118,1,1,0,0,0.0,4,7,1,1020.3103,460.1727,1020.0015,463.5366,-1.3364,BOX:2:6:1:5,BOX:2:6:1:5,1,1,1.0,1
213,214,213,0,prediction_only,0.794786,0.794786,0,0.794786,0.35,0,119,1,1,0,0,0.0,5,7,1,1022.1309,463.2536,1020.5057,463.4284,-1.3177,BOX:2:6:1:5,BOX:2:6:1:5,1,1,1.0,1
214,215,214,0,prediction_only,0.795558,0.795558,0,0.795558,0.35,0,120,1,1,0,0,0.0,5,7,1,1022.1719,463.2928,1020.9806,463.3298,-1.2958,BOX:2:6:1:5,BOX:2:6:1:5,1,1,1.0,1
215,216,215,0,prediction_only,0.795636,0.795636,0,0.795636,0.35,0,121,1,1,0,0,0.0,5,7,1,1022.1802,463.288,1021.4255,463.2374,-1.2715,BOX:2:6:1:5,BOX:2:6:1:5,1,1,1.0,1
216,217,216,0,prediction_only,0.768438,0.768438,0,0.768438,0.35,0,122,1,1,0,0,0.0,4,7,1,1023.6108,464.4028,1021.9371,463.2258,-1.2455,BOX:2:6:1:5,BOX:2:6:1:5,1,1,1.0,1
217,218,217,0,prediction_only,0.78598,0.78598,0,0.78598,0.35,0,123,1,1,0,0,0.0,4,7,1,1023.8337,465.0657,1022.4311,463.2605,-1.2184,BOX:2:6:1:5,BOX:2:6:1:5,1,1,1.0,1
218,219,218,0,prediction_only,0.788236,0.788236,0,0.788236,0.35,0,124,1,1,0,0,0.0,4,7,1,1023.8847,465.1294,1022.8969,463.299,-1.1906,BOX:2:6:1:5,BOX:2:6:1:5,1,1,1.0,1
219,220,219,0,prediction_only,0.817262,0.817262,0,0.817262,0.35,0,125,1,1,0,0,0.0,5,7,1,1025.0567,464.5505,1023.4109,463.2981,-1.1624,BOX:2:6:1:5,BOX:2:6:1:5,1,1,1.0,1
220,221,220,0,prediction_only,0.818595,0.818595,0,0.818595,0.35,0,126,1,1,0,0,0.0,5,7,1,1025.0517,464.5165,1025.1834,458.2751,-1.0357,BOX:2:6:1:5,BOX:2:6:1:5,1,1,1.0,1
221,222,221,0,prediction_only,0.818217,0.818217,0,0.818217,0.35,0,127,1,1,0,0,0.0,5,7,1,1025.0491,464.4932,1024.3418,463.2942,-1.1058,BOX:2:6:1:5,BOX:2:6:1:5,1,1,1.0,1
222,223,222,0,prediction_only,0.818132,0.818132,0,0.818132,0.35,0,128,1,1,0,0,0.0,5,7,1,1025.0462,464.4966,1024.7622,463.2937,-1.0778,BOX:2:6:1:5,BOX:2:6:1:5,1,1,1.0,1
223,224,223,0,prediction_only,0.75198,0.75198,0,0.75198,0.35,0,129,1,1,0,0,0.0,5,7,1,1027.0791,463.8813,1026.7968,458.3642,-0.9536,BOX:2:6:1:5,BOX:2:6:1:5,1,1,1.0,1
224,225,224,0,prediction_only,0.746859,0.746859,0,0.746859,0.35,0,130,1,1,0,0,0.0,5,7,1,1027.122,463.4925,1025.7884,463.1904,-1.0228,BOX:2:6:1:5,BOX:2:6:1:5,1,1,1.0,1
225,226,225,0,prediction_only,0.748507,0.748507,0,0.748507,0.35,0,131,1,1,0,0,0.0,5,7,1,1027.1462,463.4786,1026.2559,463.1311,-0.9961,BOX:2:6:1:5,BOX:2:6:1:5,1,1,1.0,1
226,227,226,0,prediction_only,0.686925,0.686925,0,0.686925,0.35,0,132,1,1,0,0,0.0,4,7,1,1030.1748,463.081,1028.1282,458.6554,-0.8763,BOX:2:6:1:5,BOX:2:6:1:5,1,1,1.0,1
227,228,227,0,prediction_only,0.692489,0.692489,0,0.692489,0.35,0,133,1,1,0,0,0.0,5,7,1,1030.2553,463.4029,1027.501,462.9948,-0.9441,BOX:2:6:1:5,BOX:2:6:1:5,1,1,1.0,1
228,229,228,0,prediction_only,0.715755,0.715755,0,0.715755,0.35,0,134,1,1,0,0,0.0,4,7,1,1032.851,465.6556,1029.3675,458.6633,-0.8279,BOX:2:6:1:5,BOX:2:6:1:5,1,1,1.0,1
229,230,229,0,prediction_only,0.709736,0.709736,0,0.709736,0.35,0,135,1,1,0,0,0.0,4,7,1,1032.8426,465.6246,1029.9403,458.6027,-0.8047,BOX:2:6:1:5,BOX:2:6:1:5,1,1,1.0,1
230,231,230,0,prediction_only,0.737485,0.737485,0,0.292992,0.35,0,136,1,1,0,0,0.0,4,7,1,1032.4968,461.2934,1029.6381,463.4484,-0.8704,BOX:2:6:1:5,BOX:2:6:1:5,1,1,1.0,1
231,232,231,0,prediction_only,0.736806,0.736806,0,0.736806,0.35,0,137,1,1,0,0,0.0,4,7,1,1033.4394,467.9786,1030.2887,463.6833,-0.847,BOX:2:6:1:5,BOX:2:6:1:5,1,1,1.0,1
232,233,232,0,prediction_only,0.736988,0.736988,0,0.266584,0.35,0,138,1,1,0,0,0.0,4,7,1,1032.4539,461.3464,1032.0858,459.315,-0.7389,BOX:2:6:1:5,BOX:2:6:1:5,1,1,1.0,1
233,234,233,0,prediction_only,0.773398,0.773398,0,0.773398,0.35,0,139,1,1,0,0,0.0,4,6,1,1033.8754,467.5889,1031.4995,464.0923,-0.802,BOX:2:6:1:5,BOX:2:6:1:5,1,1,1.0,1
234,235,234,0,prediction_only,0.791939,0.791939,0,0.439161,0.35,0,140,1,1,0,0,0.0,5,6,1,879.4099,497.2359,878.3225,496.1077,-0.3009,BOX:1:5:1:5,BOX:1:5:1:5,1,1,1.0,1
235,236,235,0,prediction_only,0.78957,0.78957,0,0.78957,0.35,0,141,1,1,0,0,0.0,4,6,1,1037.0576,462.662,1033.0085,463.8011,-0.7592,BOX:2:6:1:5,BOX:2:6:1:5,1,1,1.0,1
236,237,236,0,prediction_only,0.790142,0.790142,0,0.790142,0.35,0,142,1,1,0,0,0.0,4,6,1,1037.0513,462.655,1035.2713,458.7022,-0.6596,BOX:2:6:1:5,BOX:2:6:1:5,1,1,1.0,1
237,238,237,0,prediction_only,0.762216,0.762216,0,0.762216,0.35,0,143,1,1,0,0,0.0,4,6,1,1037.6358,463.693,1034.3734,463.6089,-0.7187,BOX:2:6:1:5,BOX:2:6:1:5,1,1,1.0,1
238,239,238,0,prediction_only,0.759045,0.759045,0,0.759045,0.35,0,144,1,1,0,0,0.0,4,6,1,1037.7465,463.5475,1035.0194,463.5456,-0.6992,BOX:2:6:1:5,BOX:2:6:1:5,1,1,1.0,1
239,240,239,0,prediction_only,0.818764,0.818764,0,0.818764,0.35,0,145,1,1,0,0,0.0,3,6,1,1038.4316,464.5115,1037.0593,458.5473,-0.6059,BOX:2:6:1:5,BOX:2:6:1:5,1,1,1.0,1
